Back,Table 8. Health outcomes,,,,,,,,,,,,,,,,,,,,,,,,,,,,,,,,,,
,,,,SDG3.b,,SDG3.b,,SDG2.2,,SDG3.2,,SDG3.2,,SDG3,,SDG3,,SDG3.4,,SDG3.4,,SDG3.3,,SDG3.3,,SDG3.3,,,,SDG3.c,,,,,
,,,,,,,,,,,,,,,,,,,,,,,,,,,,,,,,,,,
,,Infants exclusively breastfed,,Infants lacking immunization ,,,,Child malnutrition,,Mortality rates,,,,,,,,Mortality rates attributed to noncommunicable diseases,,,,Incidence,,,,,,,,,,,,,
,,,,DTP,,Measles,, Stunting (moderate or severe),,Infant,,Under-five ,,Female,,Male,,Female,,Male,,Malaria,,Tuberculosis,,"HIV prevalence, adult",,Healthy life expectancy at birth,,Current health expenditure,,,,,
HDI rank,Country,(% ages 0–5 months),,(% of one-year-olds),,,,(% under age 5),,"(per 1,000 live births)",,,,"Adult (per 1,000 people)",,,,"(per 100,000 people)",,,,"(per 1,000 people at risk)",,"(per 100,000 people)",,(% ages 15–49),,(years),,(% of GDP),,,,,
,,2010-2019,a,2019,,2019,,2010-2019,a,2018,,2018,,2018,,2018,,2016,,2016,,2018,,2018,,2018,,2019,,2017,,,,,
,Very high human development,,,,,,,,,,,,,,,,,,,,,,,,,,,,,,,,,,
1,Norway,..,,1,,3,,..,,2.1,,2.5,,39,,62,,261.9,,365.4,,..,,4.1,,0.1,,70.8,,10.4,,,,,
2,Ireland,..,,2,,9,,..,,3.1,,3.7,,42,b,71,b,299.7,,404.9,,..,,7.0,,0.2,,70.4,,7.2,,,,,
2,Switzerland,..,,2,,5,,..,,3.7,,4.1,,36,c,58,c,237.0,,343.2,,..,,6.4,,..,,72.0,,12.3,,,,,
4,"Hong Kong, China (SAR)",..,,..,,..,,..,,..,,..,,33,,62,,..,,..,,..,,67.0,,..,,..,,..,,,,,
4,Iceland,..,,3,,7,,..,,1.5,,2.0,,38,c,66,c,283.6,,351.8,,..,,2.7,,0.1,,72.3,,8.3,,,,,
6,Germany,..,,2,,3,,1.7,,3.1,,3.7,,48,b,87,b,295.9,,445.5,,..,,7.3,,0.1,,69.7,,11.2,,,,,
7,Sweden,..,,2,,3,,..,,2.2,,2.7,,38,,62,,273.4,,369.8,,..,,5.5,,..,,71.4,,11.0,,,,,
8,Australia,..,,2,,5,,2.0,d,3.1,,3.7,,45,c,76,c,247.1,,342.5,,..,,6.6,,0.1,,70.3,,9.2,,,,,
8,Netherlands,..,,2,,6,,..,,3.3,,3.9,,51,c,66,c,295.1,,396.5,,..,,5.3,,..,,70.6,,10.1,,,,,
10,Denmark,..,,3,,4,,..,,3.6,,4.2,,52,c,82,c,300.6,,421.6,,..,,5.4,,0.1,,69.9,,10.1,,,,,
11,Finland,..,,2,,4,,..,,1.4,,1.7,,44,,89,,274.8,,440.5,,..,,4.7,,0.1,,70.3,,9.2,,,,,
11,Singapore,..,,2,,5,,..,,2.3,,2.8,,35,,60,,201.7,,300.5,,..,,47.0,,0.2,,74.5,,4.4,,,,,
13,United Kingdom,..,,3,,9,,..,,3.6,,4.3,,55,c,86,c,295.1,,396.0,,..,,8.0,,..,,69.1,,9.6,,,,,
14,Belgium,..,,1,,4,,..,,2.9,,3.7,,49,,80,,270.7,,409.5,,..,,9.0,,..,,69.7,,10.3,,,,,
14,New Zealand,..,,6,,8,,..,,4.7,,5.7,,..,,..,,269.7,,355.3,,..,,7.3,,0.1,,69.6,,9.2,,,,,
16,Canada,..,,6,,10,,..,,4.3,,5.0,,52,c,83,c,248.7,,340.6,,..,,5.6,,..,,70.4,,10.6,,,,,
17,United States,34.7,,3,,10,,3.5,,5.6,,6.5,,82,b,139,b,353.5,,492.3,,..,,3.0,,..,,65.4,,17.1,,,,,
18,Austria,..,,10,,6,,..,,2.9,,3.5,,42,b,79,b,272.2,,411.4,,..,,7.1,,..,,70.6,,10.4,,,,,
19,Israel,..,,1,,2,,..,,3.0,,3.7,,40,c,71,c,255.5,,366.4,,..,,4.0,,0.2,,71.8,,7.4,,,,,
19,Japan,..,,1,,4,,7.1,,1.8,,2.5,,36,b,66,b,180.1,,320.2,,..,,14.0,,0.1,e,73.8,,10.9,,,,,
19,Liechtenstein,..,,..,,..,,..,,..,,..,,..,,..,,..,,..,,..,,..,,..,,..,,..,,,,,
22,Slovenia,..,,2,,6,,..,,1.7,,2.1,,45,b,91,b,274.6,,447.5,,..,,5.3,,0.1,e,70.4,,8.2,,,,,
23,Korea (Republic of),..,,2,,2,,2.5,d,2.7,,3.2,,32,,79,,197.6,,358.0,,0.1,,66.0,,..,,72.3,,7.6,,,,,
23,Luxembourg,..,,1,,1,,..,,1.9,,2.4,,41,b,66,b,247.7,,371.9,,..,,8.0,,0.3,,71.0,,5.5,,,,,
25,Spain,..,,2,,2,,..,,2.5,,3.0,,38,c,75,c,225.7,,384.3,,..,,9.4,,0.3,,71.6,,8.9,,,,,
26,France,..,,1,,10,,..,,3.4,,4.0,,48,b,95,b,222.7,,369.1,,..,,8.9,,0.3,,71.5,,11.3,,,,,
27,Czechia,..,,1,,8,,..,,2.7,,3.4,,51,b,109,b,331.3,,541.2,,..,,5.4,,0.1,e,68.6,,7.2,,,,,
28,Malta,..,,2,,4,,..,,6.1,,7.0,,35,,64,,287.5,,410.8,,..,,14.0,,..,,71.1,,9.3,,,,,
29,Estonia,..,,8,,12,,..,,2.1,,2.6,,56,b,155,b,335.1,,659.7,,..,,13.0,,0.9,,68.1,,6.4,,,,,
29,Italy,..,,5,,6,,..,,2.6,,3.0,,37,f,65,f,250.2,,375.9,,..,,7.0,,0.3,,71.2,,8.8,,,,,
31,United Arab Emirates,..,,1,,1,,..,,6.5,,7.6,,45,,70,,460.0,,517.2,,0.0,,1.0,,..,,64.4,,3.3,,,,,
32,Greece,..,,1,,3,,..,,3.6,,4.5,,42,,94,,265.0,,424.9,,..,,4.5,,..,,69.9,,8.0,,,,,
33,Cyprus,..,,2,,14,,..,,1.9,,2.4,,33,,65,,306.0,,487.3,,..,,5.4,,..,,69.9,,6.7,,,,,
34,Lithuania,..,,4,,7,,..,,3.3,,4.0,,79,b,213,b,390.9,,800.1,,..,,44.0,,..,,66.6,,6.5,,,,,
35,Poland,..,,2,,7,,2.6,,3.8,,4.4,,62,c,161,c,347.2,,628.1,,..,,16.0,,..,,68.1,,6.5,,,,,
36,Andorra,..,,1,,1,,..,,2.7,,2.9,,..,,..,,..,,..,,..,,3.0,,..,,70.9,,10.3,,,,,
37,Latvia,..,,1,,1,,..,,3.3,,3.9,,85,b,229,b,413.4,,790.3,,..,,29.0,,0.4,,66.3,,6.0,,,,,
38,Portugal,..,,1,,1,,..,,3.1,,3.7,,42,g,104,g,245.0,,424.7,,..,,24.0,,0.5,,70.2,,9.0,,,,,
39,Slovakia,..,,1,,4,,..,,4.6,,5.6,,64,b,145,b,367.9,,635.0,,..,,5.8,,0.1,e,67.6,,6.7,,,,,
40,Hungary,..,,1,,1,,..,,3.6,,4.3,,81,b,168,b,444.6,,773.4,,..,,6.4,,0.1,e,66.8,,6.9,,,,,
40,Saudi Arabia,..,,4,,5,,..,,6.0,,7.1,,76,,92,,508.5,,609.5,,0.0,,10.0,,..,,64.5,,5.2,,,,,
42,Bahrain,..,,1,,1,,..,,6.1,,7.1,,56,,72,,430.1,,449.5,,..,,11.0,,..,,66.6,,4.7,,,,,
43,Chile,..,,1,,5,,1.8,,6.2,,7.2,,59,,108,,309.8,,471.9,,..,,18.0,,0.5,,69.2,,9.0,,,,,
43,Croatia,..,,2,,7,,..,,4.0,,4.7,,50,,118,,358.6,,618.8,,..,,8.4,,0.1,e,68.2,,6.8,,,,,
45,Qatar,29.3,,1,,1,,..,,5.8,,6.8,,32,,41,,425.5,,488.2,,..,,31.0,,..,,66.3,,2.6,,,,,
46,Argentina,32.0,,9,,6,,7.9,,8.8,,9.9,,79,,147,,334.5,,552.4,,0.0,,27.0,,0.4,,66.8,,9.1,,,,,
47,Brunei Darussalam,..,,1,,3,,19.7,d,9.8,,11.6,,99,,144,,497.2,,562.8,,..,,68.0,,..,,65.3,,2.4,,,,,
48,Montenegro,16.8,,6,,58,,9.4,,2.3,,2.5,,66,,125,,474.9,,673.4,,..,,15.0,,0.1,,66.5,,..,,,,,
49,Romania,..,,6,,10,,..,,6.1,,7.3,,73,,172,,442.6,,747.2,,..,,68.0,,0.1,,66.4,,5.2,,,,,
50,Palau,..,,1,,3,,..,,16.6,,17.9,,..,,..,,..,,..,,..,,109.0,,..,,59.2,,12.0,,,,,
51,Kazakhstan,37.8,,1,,1,,8.0,,8.8,,9.9,,94,,221,,626.1,,"1,030.9",,0.0,,68.0,,0.2,,63.2,,3.1,,,,,
52,Russian Federation,..,,3,,2,,..,,6.1,,7.2,,120,f,322,f,485.8,,926.6,,..,,54.0,,..,,63.7,,5.3,,,,,
53,Belarus,19.0,,2,,2,,..,,2.6,,3.4,,83,c,235,c,446.4,,906.7,,..,,31.0,,0.5,,65.1,,5.9,,,,,
54,Turkey,40.7,,1,,3,,6.0,,9.1,,10.6,,62,,119,,414.3,,676.3,,0.0,,16.0,,..,,67.8,,4.2,,,,,
55,Uruguay,..,,1,,4,,10.7,,6.4,,7.6,,76,,139,,340.2,,580.1,,..,,33.0,,0.6,,67.4,,9.3,,,,,
56,Bulgaria,..,,6,,7,,7.0,,5.9,,7.1,,86,b,184,b,483.8,,806.0,,..,,22.0,,0.1,e,64.6,,8.1,,,,,
57,Panama,21.5,,4,,3,,19.0,d,13.1,,15.3,,77,,148,,311.3,,430.8,,0.2,,52.0,,0.9,,69.2,,7.3,,,,,
58,Bahamas,..,,9,,15,,..,,8.3,,10.2,,117,,194,,351.9,,511.2,,..,,14.0,,1.8,,64.2,,5.8,,,,,
58,Barbados,19.7,h,8,,8,,7.7,,11.3,,12.2,,92,,130,,436.7,,638.5,,..,,0.4,,1.5,,66.7,,6.8,,,,,
60,Oman,23.2,,1,,1,,11.4,,9.8,,11.4,,63,,101,,404.6,,528.8,,0.0,,5.9,,0.2,,64.8,,3.8,,,,,
61,Georgia,20.4,,1,,1,,11.3,d,8.7,,9.8,,77,,222,,577.7,,981.9,,0.0,,80.0,,0.4,,64.5,,7.6,,,,,
62,Costa Rica,32.5,,4,,5,,5.6,d,7.6,,8.8,,57,,113,,310.7,,429.4,,0.0,,10.0,,0.4,,69.4,,7.3,,,,,
62,Malaysia,40.3,,1,,3,,20.7,,6.7,,7.8,,84,,160,,446.4,,551.0,,0.0,,92.0,,0.4,,65.7,,3.9,,,,,
64,Kuwait,..,,1,,2,,6.4,,6.7,,7.9,,41,,69,,541.4,,603.6,,..,,23.0,,0.1,e,70.3,,5.3,,,,,
64,Serbia,12.8,,1,,13,,6.0,,4.8,,5.5,,75,,142,,478.7,,717.7,,..,,17.0,,0.1,e,66.3,,8.4,,,,,
66,Mauritius,..,,3,,1,,..,,13.6,,15.5,,94,,188,,457.0,,696.1,,..,,13.0,,1.3,,65.2,,5.7,,,,,
,High human development,,,,,,,,,,,,,,,,,,,,,,,,,,,,,,,,,,
67,Seychelles,..,,1,,1,,7.9,,12.4,,14.5,,98,,202,,434.2,,755.4,,..,,18.0,,..,,64.4,,5.0,,,,,
67,Trinidad and Tobago,21.5,,3,,1,,9.2,,16.4,,18.3,,109,,186,,519.2,,755.7,,..,,21.0,,..,,65.2,,7.0,,,,,
69,Albania,36.5,,1,,5,,11.3,,7.8,,8.8,,49,,93,,462.5,,651.7,,..,,18.0,,..,,68.9,,..,,,,,
70,Cuba,32.8,,1,,1,,..,,3.7,,5.0,,74,,113,,337.0,,470.5,,..,,7.2,,0.4,,68.4,,11.7,,,,,
70,Iran (Islamic Republic of),53.1,,1,,1,,6.8,,12.4,,14.4,,50,,83,,532.5,,587.3,,0.0,,14.0,,0.1,,66.8,,8.7,,,,,
72,Sri Lanka,82.0,,1,,1,,17.3,,6.4,,7.4,,56,,151,,431.9,,612.7,,0.0,,64.0,,0.1,e,66.9,,3.8,,,,,
73,Bosnia and Herzegovina,18.2,,11,,32,,8.9,,5.0,,5.8,,60,,115,,433.5,,628.5,,..,,25.0,,0.1,e,67.0,,8.9,,,,,
74,Grenada,..,,4,,6,,..,,13.7,,15.2,,118,,179,,525.6,,707.1,,..,,2.1,,..,,64.0,,4.8,,,,,
74,Mexico,28.6,,16,,27,,10.0,,11.0,,12.7,,96,,184,,399.5,,525.8,,0.3,,23.0,,0.2,,65.4,,5.5,,,,,
74,Saint Kitts and Nevis,..,,1,,3,,..,,9.8,,12.0,,..,,..,,..,,..,,..,,0.0,,..,,63.1,,5.0,,,,,
74,Ukraine,19.7,,8,,7,,..,,7.5,,8.7,,..,,..,,514.3,,923.6,,..,,80.0,,1.0,,64.6,,7.0,,,,,
78,Antigua and Barbuda,..,,1,,7,,..,,5.0,,6.4,,83,,127,,464.8,,667.5,,..,,6.0,,..,,66.6,,4.5,,,,,
79,Peru,66.4,,3,,15,,12.2,,11.1,,14.3,,85,,146,,361.7,,477.6,,4.7,,123.0,,0.3,,69.9,,5.0,,,,,
79,Thailand,23.0,,1,,4,,10.5,,7.8,,9.1,,78,,187,,348.2,,521.5,,0.4,,153.0,,1.1,,68.4,,3.7,,,,,
81,Armenia,44.5,,4,,5,,9.4,,11.0,,12.4,,66,,173,,489.0,,778.3,,0.0,,31.0,,0.2,,66.6,,10.4,,,,,
82,North Macedonia,23.0,,2,,25,,4.9,,8.7,,9.9,,63,,120,,525.9,,736.9,,..,,13.0,,0.1,e,65.4,,6.1,,,,,
83,Colombia,36.7,,8,,5,,12.7,,12.2,,14.2,,78,,152,,396.2,,547.3,,8.5,,33.0,,0.4,,69.6,,7.2,,,,,
84,Brazil,..,,19,,9,,7.0,d,12.8,,14.4,,91,,189,,370.3,,555.8,,5.1,,45.0,,0.5,,65.2,,9.5,,,,,
85,China,20.8,,1,,1,,8.1,,7.4,,8.6,,60,,94,,476.6,,613.1,,0.0,,61.0,,..,,68.5,,5.2,,,,,
86,Ecuador,..,,15,,17,,23.9,,12.2,,14.2,,88,,161,,361.3,,455.7,,3.3,,44.0,,0.4,,66.7,,8.3,,,,,
86,Saint Lucia,3.5,h,1,,4,,2.5,,14.9,,16.6,,97,,175,,422.2,,565.3,,..,,3.2,,..,,65.1,,4.5,,,,,
88,Azerbaijan,12.1,,4,,2,,17.8,,19.2,,21.5,,89,,149,,541.5,,804.4,,0.0,,63.0,,..,,63.0,,6.7,,,,,
88,Dominican Republic,4.6,,1,,4,,7.1,,24.1,,28.8,,115,,197,,427.6,,560.8,,0.1,,45.0,,0.9,,64.2,,6.1,,,,,
90,Moldova (Republic of),36.4,,9,,3,,6.4,,13.6,,15.8,,96,,237,,619.1,,974.1,,..,,86.0,,0.6,,65.1,,7.0,,,,,
91,Algeria,25.4,,4,,20,,11.7,,20.1,,23.5,,81,,103,,430.7,,462.8,,0.0,,69.0,,0.1,e,66.3,,6.4,,,,,
92,Lebanon,..,,4,,18,,..,,6.4,,7.4,,53,,76,,516.4,,635.7,,..,,11.0,,0.1,e,66.0,,8.2,,,,,
93,Fiji,..,,1,,4,,..,,21.6,,25.6,,175,,257,,646.4,,984.9,,..,,54.0,,..,,59.7,,3.5,,,,,
94,Dominica,..,,1,,8,,..,,32.9,,35.7,,..,,..,,..,,..,,..,,6.4,,..,,63.1,,5.9,,,,,
95,Maldives,63.0,,1,,1,,19.0,d,7.4,,8.6,,42,,67,,404.4,,497.0,,..,,33.0,,..,,69.1,,9.0,,,,,
95,Tunisia,13.5,,3,,5,,8.4,,14.6,,17.0,,67,,107,,460.6,,630.4,,..,,35.0,,0.1,e,67.4,,7.2,,,,,
97,Saint Vincent and the Grenadines,..,,1,,1,,..,,14.8,,16.4,,125,,207,,541.3,,790.1,,..,,6.3,,..,,63.6,,4.5,,,,,
97,Suriname,2.8,,19,,36,,8.8,,16.9,,18.9,,118,,220,,503.6,,759.9,,0.3,,38.0,,1.4,,62.9,,6.2,,,,,
99,Mongolia,50.2,,1,,2,,9.4,,14.0,,16.3,,123,,288,,649.3,,"1,053.9",,..,,428.0,,0.1,e,60.4,,4.0,,,,,
100,Botswana,30.0,,2,,3,,28.9,d,30.0,,36.5,,162,,249,,579.3,,720.8,,0.6,,275.0,,20.3,,54.1,,6.1,,,,,
101,Jamaica,23.8,,3,,6,,6.0,,12.4,,14.4,,104,,175,,395.4,,480.3,,..,,2.9,,1.9,,66.5,,6.0,,,,,
102,Jordan,25.4,,10,,13,,7.8,,13.9,,16.2,,89,,124,,542.4,,693.0,,..,,5.0,,0.1,e,68.0,,8.1,,,,,
103,Paraguay,29.6,,12,,13,,5.6,,17.2,,20.2,,121,,164,,464.1,,552.8,,0.0,,43.0,,0.5,,66.4,,6.7,,,,,
104,Tonga,52.2,,1,,1,,8.1,,13.4,,15.6,,121,,214,,484.9,,817.5,,..,,10.0,,..,,63.9,,5.3,,,,,
105,Libya,..,,26,,27,,38.1,,10.2,,12.0,,99,,180,,567.9,,766.0,,..,,40.0,,0.2,,65.3,,..,,,,,
106,Uzbekistan,49.5,,4,,2,,10.8,,19.1,,21.4,,101,,170,,576.1,,828.9,,0.0,,70.0,,0.2,,60.9,,6.4,,,,,
107,Bolivia (Plurinational State of),55.7,,19,,21,,16.1,,21.8,,26.8,,138,,219,,456.4,,539.7,,1.4,,108.0,,0.3,,63.1,,6.4,,,,,
107,Indonesia,50.7,,10,,12,,30.8,,21.1,,25.0,,126,,178,,671.6,,872.5,,3.9,,316.0,,0.4,,62.6,,3.0,,,,,
107,Philippines,33.0,d,34,,33,,30.3,,22.5,,28.4,,131,,235,,556.8,,824.3,,0.2,,554.0,,0.1,,62.7,,4.4,,,,,
110,Belize,33.2,,1,,4,,15.0,,11.2,,13.0,,118,,214,,617.7,,808.4,,0.0,,30.0,,1.9,,65.1,,5.6,,,,,
111,Samoa,70.3,,14,,13,,4.9,,13.6,,15.8,,81,,138,,412.2,,697.4,,..,,6.4,,..,,61.8,,5.5,,,,,
111,Turkmenistan,58.3,,1,,1,,11.5,,39.3,,45.8,,128,,244,,684.6,,"1,005.0",,0.0,,46.0,,..,,62.9,,6.9,,,,,
113,Venezuela (Bolivarian Republic of),..,,15,,7,,13.4,d,21.4,,24.5,,95,,207,,381.7,,593.4,,32.7,,48.0,,..,,65.4,,1.2,,,,,
114,South Africa,31.6,,16,,28,,27.4,,28.5,,33.8,,249,,376,,580.0,,907.8,,1.7,,520.0,,20.4,,56.2,,8.1,,,,,
115,"Palestine, State of",38.1,,1,,1,,7.4,,17.3,,20.3,,92,,127,,..,,..,,..,,0.8,,..,,64.4,,..,,,,,
116,Egypt,39.5,,4,,5,,22.3,,18.1,,21.2,,105,,183,,711.8,,965.7,,0.0,,12.0,,0.1,e,62.5,,5.3,,,,,
117,Marshall Islands,43.1,,4,,15,,34.8,,27.4,,33.1,,..,,..,,..,,..,,..,,434.0,,..,,57.4,,16.4,,,,,
117,Viet Nam,24.0,,4,,5,,23.8,,16.5,,20.7,,76,,189,,319.6,,593.5,,0.1,,182.0,,0.3,,65.7,,5.5,,,,,
119,Gabon,5.1,,23,,38,,17.0,,32.7,,44.8,,182,,238,,484.2,,525.7,,248.2,,525.0,,3.8,,58.8,,2.8,,,,,
,Medium human development,,,,,,,,,,,,,,,,,,,,,,,,,,,,,,,,,,
120,Kyrgyzstan,45.6,,1,,4,,11.8,,16.9,,18.9,,94,,211,,610.4,,990.2,,0.0,,116.0,,0.2,,64.9,,6.2,,,,,
121,Morocco,35.0,,1,,1,,15.1,,19.2,,22.4,,62,,72,,483.8,,580.1,,0.0,,99.0,,0.1,e,63.8,,5.2,,,,,
122,Guyana,21.1,,1,,2,,11.3,,25.1,,30.1,,182,,269,,778.1,,886.9,,44.4,,83.0,,1.4,,58.4,,4.9,,,,,
123,Iraq,25.8,,7,,18,,12.6,,22.5,,26.7,,129,,186,,604.5,,695.5,,0.0,,42.0,,..,,63.4,,4.2,,,,,
124,El Salvador,46.7,,18,,18,,13.6,,11.8,,13.7,,103,,268,,412.3,,594.2,,0.0,,70.0,,0.6,,65.5,,7.2,,,,,
125,Tajikistan,35.8,,2,,2,,17.5,,30.4,,34.8,,96,,165,,618.5,,803.5,,0.0,,84.0,,0.2,,61.8,,7.2,,,,,
126,Cabo Verde,..,,4,,2,,..,,16.7,,19.5,,86,,182,,517.1,,627.3,,0.0,,46.0,,0.6,,64.6,,5.2,,,,,
127,Guatemala,53.2,,8,,10,,46.7,,22.1,,26.2,,111,,201,,409.2,,502.6,,0.3,,26.0,,0.4,,62.9,,5.8,,,,,
128,Nicaragua,31.7,,1,,1,,17.3,,15.7,,18.3,,103,,201,,412.3,,548.0,,7.1,,41.0,,0.2,,65.8,,8.6,,,,,
129,Bhutan,53.2,,1,,3,,33.5,,24.8,,29.7,,195,,197,,590.3,,572.7,,0.0,,149.0,,0.3,,63.2,,3.2,,,,,
130,Namibia,48.3,,8,,20,,22.7,,29.0,,39.6,,249,,349,,606.7,,762.8,,26.7,,524.0,,11.8,,56.8,,8.6,,,,,
131,India,58.0,,6,,5,,34.7,,29.9,,36.6,,147,,204,,524.9,,672.5,,5.3,,199.0,,..,,60.5,,3.5,,,,,
132,Honduras,30.7,,10,,13,,22.6,,15.1,,17.6,,116,,167,,401.1,,493.2,,0.1,,37.0,,0.3,,63.0,,7.9,,,,,
133,Bangladesh,65.0,,1,,3,,30.8,,25.1,,30.2,,115,,151,,475.6,,549.6,,0.7,,221.0,,0.1,e,64.5,,2.3,,,,,
134,Kiribati,66.4,d,1,,6,,..,,41.2,,52.5,,153,,235,,676.1,,962.7,,..,,349.0,,..,,53.5,,10.8,,,,,
135,Sao Tome and Principe,71.7,,3,,5,,17.2,,24.4,,31.2,,124,,188,,614.3,,659.5,,13.9,,124.0,,..,,62.3,,6.2,,,,,
136,Micronesia (Federated States of),..,,3,,22,,..,,25.6,,30.8,,146,,178,,724.7,,846.5,,..,,108.0,,..,,56.7,,12.4,,,,,
137,Lao People's Democratic Republic,44.4,,27,,31,,33.1,,37.6,,47.3,,157,,206,,739.4,,829.9,,4.2,,162.0,,0.3,,60.7,,2.5,,,,,
138,Eswatini (Kingdom of),63.8,,4,,19,,25.5,,43.0,,54.4,,310,,480,,740.2,,892.8,,0.8,,329.0,,27.3,,50.6,,6.9,,,,,
138,Ghana,42.9,,3,,8,,17.5,,34.9,,47.9,,214,,255,,735.5,,669.3,,224.3,,148.0,,1.7,,58.2,,3.3,,,,,
140,Vanuatu,72.6,,5,,20,,28.9,,22.3,,26.4,,102,,152,,575.3,,769.9,,4.0,,46.0,,..,,57.6,,3.3,,,,,
141,Timor-Leste,50.2,,8,,15,,51.7,,39.3,,45.8,,117,,169,,549.0,,633.6,,0.0,,498.0,,..,,61.7,,3.9,,,,,
142,Nepal,65.2,,4,,8,,36.1,,26.7,,32.2,,130,,167,,563.2,,723.1,,0.4,,151.0,,0.1,,61.5,,5.6,,,,,
143,Kenya,61.4,,3,,11,,26.2,,30.6,,41.1,,195,,265,,357.4,,418.2,,70.1,b,292.0,,4.7,,58.3,,4.8,,,,,
144,Cambodia,65.2,,6,,16,,32.4,,24.0,,28.0,,132,,200,,623.2,,743.2,,23.7,,302.0,,0.5,,61.2,,5.9,,,,,
145,Equatorial Guinea,7.4,,23,,47,,26.2,,62.6,,85.3,,295,,334,,692.7,,758.5,,269.0,,201.0,,7.1,,57.2,,3.1,,,,,
146,Zambia,69.9,,6,,7,,34.6,,40.4,,57.8,,222,,321,,523.8,,590.5,,156.7,,346.0,,11.3,,55.1,,4.5,,,,,
147,Myanmar,51.2,,7,,16,,29.4,,36.8,,46.2,,150,,248,,691.6,,853.8,,3.4,,338.0,,0.8,,60.9,,4.7,,,,,
148,Angola,37.4,,33,,49,,37.6,,51.6,,77.2,,220,,327,,511.8,,572.2,,228.9,,355.0,,2.0,,56.7,,2.8,,,,,
149,Congo,32.9,,18,,27,,21.2,,36.2,,50.1,,240,,280,,535.9,,531.9,,235.1,,375.0,,2.6,,57.0,,2.9,,,,,
150,Zimbabwe,41.9,,6,,15,,23.5,,33.9,,46.2,,338,,373,,581.3,,599.6,,51.0,,210.0,,12.7,,53.6,,6.6,,,,,
151,Solomon Islands,76.2,,2,,19,,31.7,,17.1,,20.0,,125,,163,,632.9,,758.0,,133.6,,74.0,,..,,52.7,,4.7,,,,,
151,Syrian Arab Republic,42.6,d,28,,41,,27.9,,14.0,,16.7,,73,,237,,594.7,,723.1,,0.0,,19.0,,0.1,e,63.9,,..,,,,,
153,Cameroon,39.4,,25,,40,,28.9,,50.6,,76.1,,281,,318,,660.9,,739.7,,247.0,,186.0,,3.6,,55.4,,4.7,,,,,
154,Pakistan,47.5,,14,,25,,37.6,,57.2,,69.3,,138,,173,,681.0,,744.4,,3.4,,265.0,,0.1,,57.2,,2.9,,,,,
155,Papua New Guinea,59.7,,56,,63,,49.5,,38.0,,47.8,,188,,251,,620.2,,820.6,,184.5,,432.0,,0.8,,56.4,,2.5,,,,,
156,Comoros,11.4,,4,,10,,31.1,,51.3,,67.5,,194,,246,,627.5,,742.7,,18.8,,35.0,,0.1,e,60.3,,7.4,,,,,
,Low human development,,,,,,,,,,,,,,,,,,,,,,,,,,,,,,,,,,
157,Mauritania,40.3,,11,,22,,22.8,,51.5,,75.7,,176,,218,,635.9,,669.1,,39.4,,93.0,,0.2,,62.2,,4.4,,,,,
158,Benin,41.4,,16,,29,,32.2,,60.5,,93.0,,211,,259,,617.5,,671.2,,386.2,,56.0,,1.0,,56.6,,3.7,,,,,
159,Uganda,65.5,,1,,13,,28.9,,33.8,,46.4,,233,,302,,587.1,,701.9,,289.2,,200.0,,5.7,,57.8,,6.2,,,,,
160,Rwanda,86.9,,1,,4,,38.3,,27.0,,35.3,,162,,216,,508.6,,597.9,,486.5,,59.0,,2.5,,59.8,,6.6,,,,,
161,Nigeria,28.7,,35,,46,,36.8,,75.7,,119.9,,325,,364,,830.6,,793.3,,291.9,,219.0,,1.5,,56.0,,3.8,,,,,
162,Côte d'Ivoire,23.1,,2,,24,,21.6,,59.4,,80.9,,325,,361,,935.2,,955.0,,330.6,,142.0,,2.6,,56.2,,4.5,,,,,
163,Tanzania (United Republic of),57.8,,9,,12,,31.8,,37.6,,53.0,,193,,250,,518.8,,562.7,,124.3,,253.0,,4.6,,58.7,,3.6,,,,,
164,Madagascar,50.6,,15,,31,,41.6,,38.2,,53.6,,182,,233,,594.7,,660.4,,82.4,,233.0,,0.3,,57.6,,5.5,,,,,
165,Lesotho,59.0,,8,,10,,34.6,,65.7,,81.1,,419,,546,,736.5,,827.9,,..,,611.0,,23.6,,45.2,,8.8,,,,,
166,Djibouti,12.4,,10,,17,,33.5,,49.8,,59.3,,178,,232,,565.5,,658.7,,35.2,,260.0,,1.2,,58.9,,3.3,,,,,
167,Togo,64.3,,10,,25,,23.8,,47.4,,69.8,,244,,278,,782.8,,812.0,,267.3,,36.0,,2.3,,57.0,,6.2,,,,,
168,Senegal,42.1,,3,,10,,18.8,,31.8,,43.6,,145,,216,,583.4,,683.0,,55.8,,118.0,,0.4,,59.9,,4.1,,,,,
169,Afghanistan,57.5,,27,,36,,38.2,,47.9,,62.3,,193,,238,,805.3,,904.5,,29.0,,189.0,,0.1,e,54.1,,11.8,,,,,
170,Haiti,39.9,,25,,35,,21.9,,49.5,,64.8,,197,,257,,701.6,,812.4,,1.6,,176.0,,2.0,,55.4,,8.0,,,,,
170,Sudan,54.6,,3,,10,,38.2,,42.1,,60.5,,187,,245,,700.1,,795.5,,46.8,,71.0,,0.2,,61.4,,6.3,,,,,
172,Gambia,53.3,,7,,15,,19.0,,39.0,,58.4,,224,,280,,690.6,,767.0,,66.0,,174.0,,1.9,,58.3,,3.3,,,,,
173,Ethiopia,58.8,,20,,42,,36.8,,39.1,,55.2,,185,,237,,522.9,,589.8,,31.8,,151.0,,1.0,,60.2,,3.5,,,,,
174,Malawi,59.4,,3,,8,,39.0,,35.3,,49.7,,212,,325,,488.2,,611.9,,213.6,,181.0,,9.2,,56.6,,9.6,,,,,
175,Congo (Democratic Republic of the),47.3,,34,,43,,42.7,,68.2,,88.1,,225,,274,,575.3,,594.6,,319.8,,321.0,,0.8,,56.3,,4.0,,,,,
175,Guinea-Bissau,52.5,,15,,14,,27.6,,54.0,,81.5,,301,,374,,669.1,,690.5,,123.3,,361.0,,3.5,,53.6,,7.2,,,,,
175,Liberia,54.6,,6,,15,,30.1,,53.5,,70.9,,207,,247,,599.1,,633.6,,361.5,,308.0,,1.3,,56.9,,8.2,,,,,
178,Guinea,33.4,,38,,53,,30.3,,64.9,,100.8,,233,,260,,762.2,,765.3,,283.9,,176.0,,1.4,,53.9,,4.1,,,,,
179,Yemen,9.7,,19,,33,,46.4,,42.9,,55.0,,175,,220,,819.7,,951.6,,45.8,,48.0,,0.1,e,58.6,,4.2,g,,,,
180,Eritrea,68.7,,3,,1,,52.5,,31.3,,41.9,,202,,276,,594.7,,718.8,,28.9,,89.0,,0.7,,55.9,,2.9,,,,,
181,Mozambique,41.0,,7,,13,,42.3,,54.0,,73.2,,268,,390,,502.7,,546.5,,305.4,,551.0,,12.6,,50.8,,4.9,,,,,
182,Burkina Faso,55.8,,5,,12,,24.9,,49.0,,76.4,,228,,260,,716.8,,754.5,,398.7,,48.0,,0.7,,54.2,,6.9,,,,,
182,Sierra Leone,54.1,,5,,7,,29.5,,78.5,,105.1,,353,,392,,"1,017.3",,951.7,,320.4,,298.0,,1.5,,54.1,,13.4,,,,,
184,Mali,40.2,,18,,30,,26.9,,62.0,,97.8,,245,,264,,817.0,,795.6,,386.8,b,53.0,,1.4,,54.3,,3.8,,,,,
185,Burundi,71.9,,3,,8,,54.0,,41.0,,58.5,,253,,311,,625.0,,708.7,,250.3,,111.0,,1.0,,55.5,,7.5,,,,,
185,South Sudan,44.5,,49,,51,,31.3,,63.7,,98.6,,301,,351,,540.7,,589.3,,235.9,,146.0,,2.5,,54.6,,9.8,,,,,
187,Chad,0.1,,35,,59,,39.8,,71.4,,119.0,,335,,378,,710.9,,796.7,,164.8,,142.0,,1.3,,52.9,,4.5,,,,,
188,Central African Republic,28.8,,31,,51,,37.5,,84.5,,116.5,,371,,453,,638.1,,680.3,,347.3,,540.0,,3.6,,45.7,,5.8,,,,,
189,Niger,23.3,,8,,21,,48.5,,48.0,,83.7,,223,,252,,648.3,,681.8,,356.6,b,87.0,,0.3,,55.1,,7.7,,,,,
,Other countries or territories,,,,,,,,,,,,,,,,,,,,,,,,,,,,,,,,,,
,Korea (Democratic People's Rep. of),71.4,,2,,2,,19.1,,13.7,,18.2,,96,,162,,521.6,,954.6,,0.4,,513.0,,..,,65.0,,..,,,,,
,Monaco,..,,1,,12,,..,,2.6,,3.2,,..,,..,,..,,..,,..,,0.0,,..,,69.2,,1.8,,,,,
,Nauru,67.2,"d,h",1,,5,,24.0,d,26.4,,31.8,,..,,..,,..,,..,,..,,54.0,,..,,56.1,,11.0,,,,,
,San Marino,..,,10,,14,,..,,1.7,,2.0,,..,,..,,..,,..,,..,,0.0,,..,,70.9,,7.4,,,,,
,Somalia,5.3,d,48,,54,,25.3,d,76.6,,121.5,,269,,325,,624.7,,666.9,,37.1,b,262.0,,0.1,,51.5,,..,,,,,
,Tuvalu,34.7,d,1,,4,,10.0,d,20.6,,24.4,,..,,..,,..,,..,,..,,270.0,,..,,59.8,,17.1,,,,,
,,,,,,,,,,,,,,,,,,,,,,,,,,,,,,,,,,,
,Human development groups,,,,,,,,,,,,,,,,,,,,,,,,,,,,,,,,,,
,Very high human development,35.1,,3,,6,,5.5,,5.2,,6.1,,66,,129,,331.9,,517.7,,..,,19.2,,0.2,,68.2,,12.0,,,,,
,High human development,31.1,,7,,8,,14.5,,13.2,,15.6,,82,,137,,486.1,,653.6,,..,,112.1,,1.2,,66.5,,5.7,,,,,
,Medium human development,54.0,,8,,11,,32.8,,33.9,,42.1,,146,,202,,543.9,,667.6,,18.0,,207.6,,1.3,,60.4,,3.7,,,,,
,Low human development,44.0,,20,,32,,36.3,,54.8,,80.2,,240,,292,,674.4,,716.2,,211.5,,196.2,,2.1,,56.8,,4.6,,,,,
,,,,,,,,,,,,,,,,,,,,,,,,,,,,,,,,,,,
,Developing countries,43.0,,11,,15,,26.3,,31.0,,40.7,,123,,178,,529.5,,666.8,,..,,154.9,,1.4,,63.0,,5.4,,,,,
,,,,,,,,,,,,,,,,,,,,,,,,,,,,,,,,,,,
,Regions,,,,,,,,,,,,,,,,,,,,,,,,,,,,,,,,,,
,Arab States,32.2,,9,,16,,23.4,,25.8,,33.2,,109,,153,,606.3,,730.7,,..,,47.0,,0.1,,63.1,,4.9,,,,,
,East Asia and the Pacific,30.0,,6,,7,,16.3,,13.0,,15.6,,78,,125,,501.9,,663.0,,..,,143.8,,0.4,,66.9,,4.9,,,,,
,Europe and Central Asia,37.3,,3,,4,,9.3,,13.7,,15.4,,79,,157,,505.6,,812.6,,..,,49.2,,0.5,,65.1,,4.9,,,,,
,Latin America and the Caribbean,36.1,,13,,14,,11.9,,13.9,,16.3,,93,,177,,384.9,,541.7,,4.7,,43.4,,0.4,,65.9,,8.0,,,,,
,South Asia,57.0,,7,,9,,33.6,,33.4,,40.7,,138,,190,,543.1,,670.8,,4.8,,197.8,,0.1,,60.7,,4.1,,,,,
,Sub-Saharan Africa,44.2,,19,,31,,34.3,,52.5,,76.7,,245,,305,,633.6,,684.3,,210.4,,237.2,,4.1,,56.7,,5.1,,,,,
,,,,,,,,,,,,,,,,,,,,,,,,,,,,,,,,,,,
,Least developed countries,50.5,,15,,25,,35.5,,45.5,,63.5,,187,,243,,595.2,,668.7,,133.9,,213.3,,1.8,,58.5,,4.1,,,,,
,Small island developing states,36.8,,18,,23,,25.4,,30.1,,38.2,,127,,182,,491.2,,623.4,,..,,126.6,,1.1,,62.8,,5.9,,,,,
,,,,,,,,,,,,,,,,,,,,,,,,,,,,,,,,,,,
,Organisation for Economic Co-operation and Development,34.2,,5,,9,,5.7,,5.8,,6.8,,62,,113,,306.6,,456.9,,..,,12.7,,0.2,,68.8,,12.5,,,,,
,,,,,,,,,,,,,,,,,,,,,,,,,,,,,,,,,,,
,World,42.8,,10,,14,,25.1,,28.4,,37.2,,114,,170,,491.9,,638.3,,..,,131.9,,1.3,,63.9,,9.9,,,,,
,,,,,,,,,,,,,,,,,,,,,,,,,,,,,,,,,,,
,Notes,,,,,,,,,,,,,,,,,,,,,,,,,,,,,,,,,,
,a. Data refer to the most recent year available during the period specified.,,,,,,,,,,,,,,,,,,,,,,,,,,,,,,,,,,
,b. Refers to 2017.,,,,,,,,,,,,,,,,,,,,,,,,,,,,,,,,,,
,c. Refers to 2016.,,,,,,,,,,,,,,,,,,,,,,,,,,,,,,,,,,
,d. Refers to a year from 2007 to 2009.,,,,,,,,,,,,,,,,,,,,,,,,,,,,,,,,,,
,e. 0.1 or less.,,,,,,,,,,,,,,,,,,,,,,,,,,,,,,,,,,
,f. Refers to 2014.,,,,,,,,,,,,,,,,,,,,,,,,,,,,,,,,,,
,g. Refers to 2015.,,,,,,,,,,,,,,,,,,,,,,,,,,,,,,,,,,
,"h. Unweighted sample size is between 25 and 49, interpret with caution.",,,,,,,,,,,,,,,,,,,,,,,,,,,,,,,,,,
,,,,,,,,,,,,,,,,,,,,,,,,,,,,,,,,,,,
,Definitions,,,,,,,,,,,,,,,,,,,,,,,,,,,,,,,,,,
,Infants exclusively breastfed: Percentage of children ages 0–5 months who are fed exclusively with breast milk in the 24 hours prior to the survey.,,,,,,,,,,,,,,,,,,,,,,,,,,,,,,,,,,
,"Infants lacking immunization against DTP: Percentage of surviving infants who have not received their first dose of diphtheria, tetanus and pertussis vaccine.",,,,,,,,,,,,,,,,,,,,,,,,,,,,,,,,,,
,Infants lacking immunization against measles: Percentage of surviving infants who have not received the first dose of measles vaccine.,,,,,,,,,,,,,,,,,,,,,,,,,,,,,,,,,,
,"Child malnutrition (stunting moderate or severe): Percentage of children under age 5 who are more than two standard deviations below the median height-for-age of the reference population, according to the 2006 World Health Organization Child Growth Standards.",,,,,,,,,,,,,,,,,,,,,,,,,,,,,,,,,,
,"Infant mortality rate: Probability of dying between birth and exactly age 1, expressed per 1,000 live births.",,,,,,,,,,,,,,,,,,,,,,,,,,,,,,,,,,
,"Under-five mortality rate: Probability of dying between birth and exactly age 5, expressed per 1,000 live births.",,,,,,,,,,,,,,,,,,,,,,,,,,,,,,,,,,
,"Adult mortality rate: Probability that a 15-year-old will die before reaching age 60, expressed per 1,000 people.",,,,,,,,,,,,,,,,,,,,,,,,,,,,,,,,,,
,"Mortality rates attributed to noncommunicable diseases: Age-standardized mortality rate attributed to noncommunicable diseases calculated as a weighted average of the age-specific mortality rates per 100,000 people, where the weights are the proportions of persons in the corresponding age groups of the World Health Organization standard population. Noncommunicable diseases include cardiovascular disease, cancer, diabetes and chronic respiratory disease.",,,,,,,,,,,,,,,,,,,,,,,,,,,,,,,,,,
,"Malaria incidence: Number of malaria cases, expressed per 1,000 people at risk. People at risk are those who live in an area where malaria transmission occurs.",,,,,,,,,,,,,,,,,,,,,,,,,,,,,,,,,,
,"Tuberculosis incidence: The estimated number of new and relapse tuberculosis cases of all forms, including cases in people living with HIV, expressed per 100,000 people.",,,,,,,,,,,,,,,,,,,,,,,,,,,,,,,,,,
,"HIV prevalence, adult: Percentage of the population ages 15–49 that is living with HIV.",,,,,,,,,,,,,,,,,,,,,,,,,,,,,,,,,,
,Healthy life expectancy at birth: Average number of years that a person can expect to live in full health by taking into account years lived in less than full health because of disease and injury.,,,,,,,,,,,,,,,,,,,,,,,,,,,,,,,,,,
,"Current health expenditure: Spending on healthcare goods and services, expressed as a percentage of GDP. It excludes capital health expenditures such as buildings, machinery, information technology and stocks of vaccines for emergency or outbreaks.",,,,,,,,,,,,,,,,,,,,,,,,,,,,,,,,,,
,,,,,,,,,,,,,,,,,,,,,,,,,,,,,,,,,,,
,Main data sources,,,,,,,,,,,,,,,,,,,,,,,,,,,,,,,,,,
,"Column 1: United Nations Children’s Fund, Division of Data Research and Policy (2020). Global UNICEF Global Databases: Infant and Young Child Feeding: Exclusive breastfeeding, Predominant breastfeeding, New York, July 2020. Accessed 25 August 2020.",,,,,,,,,,,,,,,,,,,,,,,,,,,,,,,,,,
,"Columns 2 and 3: WHO (World Health Organization) and UNICEF (United Nations Children’s Fund) (2020). Estimates of national routine immunization coverage, 2019 revision (completed July 2020). https://data.unicef.org/topic/child-health/immunization/. Accessed 26 August 2020.",,,,,,,,,,,,,,,,,,,,,,,,,,,,,,,,,,
,"Column 4: UNICEF (United Nations Children’s Fund), WHO (World Health Organization) and World Bank (2020). Joint Child Malnutrition Estimates Expanded Database: Stunting. July 2020 edition. New York. https://data.unicef.org/topic/nutrition/malnutrition/. Accessed 26 August 2020.",,,,,,,,,,,,,,,,,,,,,,,,,,,,,,,,,,
,Columns 5 and 6: UN Inter-agency Group for Child Mortality Estimation (2019). Child mortality estimates. www.childmortality.org. Accessed 26 August 2020.,,,,,,,,,,,,,,,,,,,,,,,,,,,,,,,,,,
,"Columns 7, 8, 13 and 15: World Bank (2020a). World Development Indicators database. Washington, DC. http://data.worldbank.org. Accessed 22 July 2020.",,,,,,,,,,,,,,,,,,,,,,,,,,,,,,,,,,
,Columns 9 and 10: WHO (World Health Organization) (2018). Global Health Observatory. https://apps.who.int/gho/data/view.main.2490. Accessed 26 August 2020.,,,,,,,,,,,,,,,,,,,,,,,,,,,,,,,,,,
,Columns 11 and 12: United Nations Statistics Division (2020a). Global SDG Indicators Database. https://unstats.un.org/sdgs/indicators/database/. Accessed 21 July 2020.,,,,,,,,,,,,,,,,,,,,,,,,,,,,,,,,,,
,"Column 14: Institute for Health Metrics and Evaluation (IHME), 2020. Global Burden of Disease Collaborative Network. Global Burden of Disease Study 2019 (GBD 2019) Disability-Adjusted Life Years and Healthy Life Expectancy 1990-2019. Seattle, United States. Accessed 30 October 2020.",,,,,,,,,,,,,,,,,,,,,,,,,,,,,,,,,,
